{
  "leave_type": {
    "precision": 0.9931506849315068,
    "recall": 1.0,
    "f1-score": 0.9965635738831615,
    "support": 145,
    "confused_with": {}
  },
  "day_condition": {
    "precision": 1.0,
    "recall": 1.0,
    "f1-score": 1.0,
    "support": 256,
    "confused_with": {}
  },
  "equipment_top10_category": {
    "precision": 0.9838709677419355,
    "recall": 1.0,
    "f1-score": 0.991869918699187,
    "support": 61,
    "confused_with": {}
  },
  "language": {
    "precision": 1.0,
    "recall": 1.0,
    "f1-score": 1.0,
    "support": 10,
    "confused_with": {}
  },
  "equipment_category_status": {
    "precision": 1.0,
    "recall": 1.0,
    "f1-score": 1.0,
    "support": 46,
    "confused_with": {}
  },
  "fleet_top10_category": {
    "precision": 1.0,
    "recall": 1.0,
    "f1-score": 1.0,
    "support": 72,
    "confused_with": {}
  },
  "breakdown_top10_category": {
    "precision": 0.9587628865979382,
    "recall": 1.0,
    "f1-score": 0.9789473684210526,
    "support": 93,
    "confused_with": {}
  },
  "category_name": {
    "precision": 1.0,
    "recall": 1.0,
    "f1-score": 1.0,
    "support": 124,
    "confused_with": {}
  },
  "unit_status": {
    "precision": 1.0,
    "recall": 0.9791666666666666,
    "f1-score": 0.9894736842105264,
    "support": 48,
    "confused_with": {}
  },
  "micro avg": {
    "precision": 0.9930232558139535,
    "recall": 0.9988304093567252,
    "f1-score": 0.9959183673469387,
    "support": 855
  },
  "macro avg": {
    "precision": 0.9928649488079313,
    "recall": 0.9976851851851851,
    "f1-score": 0.9952060605793253,
    "support": 855
  },
  "weighted avg": {
    "precision": 0.9932022535683447,
    "recall": 0.9988304093567252,
    "f1-score": 0.995956286969558,
    "support": 855
  },
  "accuracy": 0.9997412964742405
}